{
    "kind": "youtube#searchListResponse",
    "etag": "T8hfhzFO2ExH6ZHoeXxDoOgWXRQ",
    "nextPageToken": "CAYQAA",
    "regionCode": "ET",
    "pageInfo": {
      "totalResults": 62,
      "resultsPerPage": 6
    },
    "items": [
      {
        "kind": "youtube#searchResult",
        "etag": "HnsNPCE1yVmqeKfU0S-Yn7RcfNk",
        "id": {
          "kind": "youtube#video",
          "videoId": "b3kVfN-MNzg"
        },
        "snippet": {
          "publishedAt": "2022-01-17T17:00:21Z",
          "channelId": "UCDRv0_awzQ-G9TD6XB4zT2Q",
          "title": "how to use mobile phone camera as a webcam for pc",
          "description": "andmta_tube #mobile #webcam #pc #ivcam Do not click this https://bit.ly/3qu7PlF this video is about how to use our mobile phone ...",
          "thumbnails": {
            "default": {
              "url": "https://i.ytimg.com/vi/b3kVfN-MNzg/default.jpg",
              "width": 120,
              "height": 90
            },
            "medium": {
              "url": "https://i.ytimg.com/vi/b3kVfN-MNzg/mqdefault.jpg",
              "width": 320,
              "height": 180
            },
            "high": {
              "url": "https://i.ytimg.com/vi/b3kVfN-MNzg/hqdefault.jpg",
              "width": 480,
              "height": 360
            }
          },
          "channelTitle": "ANDMTA TUBE",
          "liveBroadcastContent": "none",
          "publishTime": "2022-01-17T17:00:21Z"
        }
      },
      {
        "kind": "youtube#searchResult",
        "etag": "ZxDBdlxO8Id_wPNKRAdwAZrtN10",
        "id": {
          "kind": "youtube#video",
          "videoId": "r6U7ONfKOTo"
        },
        "snippet": {
          "publishedAt": "2022-01-12T17:00:41Z",
          "channelId": "UCDRv0_awzQ-G9TD6XB4zT2Q",
          "title": "pay your wifi bill from home : telebirr",
          "description": "andmta_tube #Wi-Fi #bill #telebirr Do not click this https://bit.ly/3qu7PlF this video is about how to pay monthly wifi bill with telebirr ...",
          "thumbnails": {
            "default": {
              "url": "https://i.ytimg.com/vi/r6U7ONfKOTo/default.jpg",
              "width": 120,
              "height": 90
            },
            "medium": {
              "url": "https://i.ytimg.com/vi/r6U7ONfKOTo/mqdefault.jpg",
              "width": 320,
              "height": 180
            },
            "high": {
              "url": "https://i.ytimg.com/vi/r6U7ONfKOTo/hqdefault.jpg",
              "width": 480,
              "height": 360
            }
          },
          "channelTitle": "ANDMTA TUBE",
          "liveBroadcastContent": "none",
          "publishTime": "2022-01-12T17:00:41Z"
        }
      },
      {
        "kind": "youtube#searchResult",
        "etag": "cs_jtpsbc-1wBt1EzNXIGm1qSY8",
        "id": {
          "kind": "youtube#video",
          "videoId": "WKBwgBdr210"
        },
        "snippet": {
          "publishedAt": "2022-01-04T17:00:15Z",
          "channelId": "UCDRv0_awzQ-G9TD6XB4zT2Q",
          "title": "how to change wifi password and network name on zte modem",
          "description": "andmta_tube Do not click this https://bit.ly/3qu7PlF This video is about how to change wifi name and password on xte modem, and ...",
          "thumbnails": {
            "default": {
              "url": "https://i.ytimg.com/vi/WKBwgBdr210/default.jpg",
              "width": 120,
              "height": 90
            },
            "medium": {
              "url": "https://i.ytimg.com/vi/WKBwgBdr210/mqdefault.jpg",
              "width": 320,
              "height": 180
            },
            "high": {
              "url": "https://i.ytimg.com/vi/WKBwgBdr210/hqdefault.jpg",
              "width": 480,
              "height": 360
            }
          },
          "channelTitle": "ANDMTA TUBE",
          "liveBroadcastContent": "none",
          "publishTime": "2022-01-04T17:00:15Z"
        }
      },
      {
        "kind": "youtube#searchResult",
        "etag": "KYcLl04jhtcbwaAmN2B-h51I3gw",
        "id": {
          "kind": "youtube#video",
          "videoId": "kgzfunxhNzI"
        },
        "snippet": {
          "publishedAt": "2022-01-02T17:00:37Z",
          "channelId": "UCDRv0_awzQ-G9TD6XB4zT2Q",
          "title": "how to change wifi password and name : huawei : GPON",
          "description": "andmta_tube Do not click this https://bit.ly/3qu7PlF This video is about how to change Wi-Fi password and network name o ...",
          "thumbnails": {
            "default": {
              "url": "https://i.ytimg.com/vi/kgzfunxhNzI/default.jpg",
              "width": 120,
              "height": 90
            },
            "medium": {
              "url": "https://i.ytimg.com/vi/kgzfunxhNzI/mqdefault.jpg",
              "width": 320,
              "height": 180
            },
            "high": {
              "url": "https://i.ytimg.com/vi/kgzfunxhNzI/hqdefault.jpg",
              "width": 480,
              "height": 360
            }
          },
          "channelTitle": "ANDMTA TUBE",
          "liveBroadcastContent": "none",
          "publishTime": "2022-01-02T17:00:37Z"
        }
      },
      {
        "kind": "youtube#searchResult",
        "etag": "U4-Dr8EqXZwj8Hq4xbJDDjh7b9Q",
        "id": {
          "kind": "youtube#video",
          "videoId": "zmSJWmBvGqo"
        },
        "snippet": {
          "publishedAt": "2021-12-31T17:01:55Z",
          "channelId": "UCDRv0_awzQ-G9TD6XB4zT2Q",
          "title": "How to Configure PPPoE in Huawei Router : GPON : Ethiopia",
          "description": "andmta_tube #fiber #GPON #configure #ethiopia Do not click this https://bit.ly/3qu7PlF this video is about how to configure fiber ...",
          "thumbnails": {
            "default": {
              "url": "https://i.ytimg.com/vi/zmSJWmBvGqo/default.jpg",
              "width": 120,
              "height": 90
            },
            "medium": {
              "url": "https://i.ytimg.com/vi/zmSJWmBvGqo/mqdefault.jpg",
              "width": 320,
              "height": 180
            },
            "high": {
              "url": "https://i.ytimg.com/vi/zmSJWmBvGqo/hqdefault.jpg",
              "width": 480,
              "height": 360
            }
          },
          "channelTitle": "ANDMTA TUBE",
          "liveBroadcastContent": "none",
          "publishTime": "2021-12-31T17:01:55Z"
        }
      },
      {
        "kind": "youtube#searchResult",
        "etag": "MA86_W9muBMNvm3qN64UAfynBAo",
        "id": {
          "kind": "youtube#video",
          "videoId": "hIc5PN_xj4U"
        },
        "snippet": {
          "publishedAt": "2021-12-29T17:00:34Z",
          "channelId": "UCDRv0_awzQ-G9TD6XB4zT2Q",
          "title": "how to check hard disk health",
          "description": "andmta_tube #compress #zip #folder #pc Do not click this https://bit.ly/3qu7PlF this video is about how to check our computer hard ...",
          "thumbnails": {
            "default": {
              "url": "https://i.ytimg.com/vi/hIc5PN_xj4U/default.jpg",
              "width": 120,
              "height": 90
            },
            "medium": {
              "url": "https://i.ytimg.com/vi/hIc5PN_xj4U/mqdefault.jpg",
              "width": 320,
              "height": 180
            },
            "high": {
              "url": "https://i.ytimg.com/vi/hIc5PN_xj4U/hqdefault.jpg",
              "width": 480,
              "height": 360
            }
          },
          "channelTitle": "ANDMTA TUBE",
          "liveBroadcastContent": "none",
          "publishTime": "2021-12-29T17:00:34Z"
        }
      }
    ]
  }











  